<?xml version="1.0" encoding="UTF-8"?>
<project-private xmlns="http://www.netbeans.org/ns/project-private/1">
    <editor-bookmarks xmlns="http://www.netbeans.org/ns/editor-bookmarks/2" lastBookmarkId="0"/>
    <open-files xmlns="http://www.netbeans.org/ns/projectui-open-files/2">
        <group>
            <file>file:/C:/Users/user1/Desktop/up%20labs/L01_814002097/PicKitVer/lab1_i.lkr</file>
            <file>file:/C:/Users/user1/Desktop/up%20labs/L01_814002097/PicKitVer/lab1_q1.c</file>
        </group>
    </open-files>
</project-private>
